vod_id,url,type,date,time,weekday,year_candidates,duration,duration_hours,views,views_per_hour,title
2843807812,https://www.twitch.tv/videos/2843807812,archive,2026-08-12,01:32,Wed,2020|2026,07:36:06,7.6,142964,18807,"[DROPS] SNEZHNAYA IS HERE - MASSIVE CONTENT ALL WEEK, ODETTE BUFFS EVERYONE"
2833511601,https://www.twitch.tv/videos/2833511601,archive,2026-07-31,12:03,Fri,2020|2026,06:08:43,6.15,91794,14937,SNEZHNAYA DEV STREAM
2839235865,https://www.twitch.tv/videos/2839235865,archive,2026-08-06,23:57,Thu,2020|2026,08:49:03,8.82,76563,8683,speedrunning the LONGEST event in GENSHIN HISTORY
2809446034,https://www.twitch.tv/videos/2809446034,archive,2026-07-01,04:32,Wed,2020|2026,03:47:49,3.8,73123,19258,[DROPS] #1 SANDRONE STREAMER - HUGE UPDATE 6.7
2851102003,https://www.twitch.tv/videos/2851102003,archive,2026-08-20,01:59,Thu,2020|2026,08:10:46,8.18,72392,8850,[DROPS] NEW STYGIAN ONSLAUGHT - C0R1 DIRE DAY 1 + WUWA PATCH
2818702116,https://www.twitch.tv/videos/2818702116,archive,2026-07-13,01:15,Mon,2020|2026,09:18:16,9.3,71533,7688,[DROPS] STYGIAN DAY - C0R1 EVERYTHING + wuwa patch & hsr
2842053747,https://www.twitch.tv/videos/2842053747,archive,2026-08-10,01:51,Mon,2020|2026,07:25:44,7.43,70493,9489,FINAL DAYS BEFORE SNEZHNAYA - farming + reacting to prydwen tier list
2818012500,https://www.twitch.tv/videos/2818012500,archive,2026-07-12,04:37,Sun,2020|2026,06:33:41,6.56,70352,10722,"[DROPS] I AM BACK - SANDRONE, STYGIAN, ARTIFACTS, THEATER + HNA CBT2"
2847541429,https://www.twitch.tv/videos/2847541429,archive,2026-08-16,03:47,Sun,2020|2026,06:42:08,6.7,70007,10445,[DROPS] BIRTHDAY STRONGBOX - NO LOSE ONLY WIN
2849374835,https://www.twitch.tv/videos/2849374835,archive,2026-08-18,04:07,Tue,2020|2026,06:55:22,6.92,68035,9828,[DROPS] NEW ABYSS NEW ME - clearing with various teams
2822342720,https://www.twitch.tv/videos/2822342720,archive,2026-07-17,18:23,Fri,2020|2026,09:25:31,9.43,67934,7208,$100K TOURNEY DAY 1 (TWITCH RIVALS) (WINNER POV)
2828013742,https://www.twitch.tv/videos/2828013742,archive,2026-07-24,18:23,Fri,2020|2026,07:47:03,7.78,67907,8724,$100K TWITCH RIVALS TOURNAMENT GAME DAY (WINNER POV)
2825911496,https://www.twitch.tv/videos/2825911496,archive,2026-07-22,02:25,Wed,2020|2026,08:08:16,8.14,61794,7593,[DROPS] DOING THE UNBELIEVABLE TODAY - valo tourney soon
2842951077,https://www.twitch.tv/videos/2842951077,archive,2026-08-11,02:30,Tue,2020|2026,06:17:45,6.3,59842,9505,SNEZHNAYA TOMORROW - FINISHING THE FINAL ARCHON QUEST (ACT 10)
2832358848,https://www.twitch.tv/videos/2832358848,archive,2026-07-30,00:15,Thu,2020|2026,05:36:50,5.61,52052,9272,BACK TO MY ROOTS - Xiao Redemption + Snezh Prep
2837624440,https://www.twitch.tv/videos/2837624440,archive,2026-08-05,03:18,Wed,2020|2026,04:15:31,4.26,51702,12141,LONG AWAITED SPECIAL CONTENT STREAM BEFORE SNEZHNAYA
2824313956,https://www.twitch.tv/videos/2824313956,archive,2026-07-20,02:38,Mon,2020|2026,05:43:12,5.72,51480,9000,[DROPS] CLEARING DIRE C0R1 + new abyss
2822783869,https://www.twitch.tv/videos/2822783869,archive,2026-07-18,04:52,Sat,2020|2026,04:55:27,4.92,48548,9859,[DROPS] WE ARE SO BACK - spending resin + dire stygian or new abyss
2856544608,https://www.twitch.tv/videos/2856544608,archive,2026-08-26,00:48,Wed,2020|2026,05:35:11,5.59,47198,8449,[DROPS] QUICK ARTIFACT FARMING -> HSR PATCH DAY (CLEARING ALL ENDGAME)
2844786282,https://www.twitch.tv/videos/2844786282,archive,2026-08-13,03:19,Thu,2020|2026,04:03:04,4.05,47049,11614,[DROPS] SNEZHNAYA DAY 2
2835888235,https://www.twitch.tv/videos/2835888235,archive,2026-08-03,03:24,Mon,2020|2026,05:00:51,5.01,46072,9188,SNEZHNAYA IS COMING - new theater today
2854020361,https://www.twitch.tv/videos/2854020361,archive,2026-08-23,05:09,Sun,2020|2026,04:47:06,4.79,45992,9612,[DROPS] CHILL STREAM YOU CAN RELAX TO - farming new set + exploring
2820279053,https://www.twitch.tv/videos/2820279053,archive,2026-07-15,01:45,Wed,2020|2026,05:25:50,5.43,45106,8306,[DROPS] HSR PATCH DAY - HIMEKO NOVA + NEW CURRENCY WARS
2857506789,https://www.twitch.tv/videos/2857506789,archive,2026-08-27,01:55,Thu,2020|2026,04:25:31,4.43,39100,8836,[DROPS] PEAK SNEZHNAYA TIME
2819516685,https://www.twitch.tv/videos/2819516685,archive,2026-07-14,02:18,Tue,2020|2026,07:03:50,7.06,39087,5533,VOD REVIEWING SCRIMS FOR $100K TOURNEY
2845846584,https://www.twitch.tv/videos/2845846584,archive,2026-08-14,09:24,Fri,2020|2026,03:05:08,3.09,38562,12498,[DROPS] QUICK SNEZHNAYA PROGRESS -> HSR DEV STREAM WATCH PARTY
2826455319,https://www.twitch.tv/videos/2826455319,archive,2026-07-22,20:13,Wed,2020|2026,06:15:59,6.27,38258,6105,LEARNING TO BE THE BEST (SCRIMS TODAY)
2859479079,https://www.twitch.tv/videos/2859479079,archive,2026-08-29,06:01,Sat,2020|2026,03:26:12,3.44,32546,9470,[DROPS] SPENDING 5000 RESIN ON NEW ARTIFACTS
2821049441,https://www.twitch.tv/videos/2821049441,archive,2026-07-16,01:28,Thu,2020|2026,04:42:20,4.71,30984,6585,$100k tourney SCRIMS WITH TEAM (WINNER POV)
2836403013,https://www.twitch.tv/videos/2836403013,archive,2026-08-03,19:58,Mon,2020|2026,02:19:51,2.33,29661,12725,QUICK COLLAB VID THAT I DIDNT KNOW I CAN STREAM
2809417057,https://www.twitch.tv/videos/2809417057,archive,2026-07-01,03:31,Wed,2020|2026,00:58:57,0.98,24875,25318,[DROPS] #1 SANDRONE STREAMER (part 1 / short segment)
1690703748,https://www.twitch.tv/videos/1690703748,highlight,2022-12-28,03:35,Wed,2022,03:29:39,3.49,11221,3211,(REUPLOAD OF VOD) CHRISTMAS ARTIFACT LUCK - RAIDEN + AYATO RERUN PREP
1239430632,https://www.twitch.tv/videos/1239430632,highlight,2021-12-21,10:03,Tue,2021,03:01:28,3.02,10707,3540,Highlight: [AR 59] SPENDING 2000 RESIN ON ITTO
1602132955,https://www.twitch.tv/videos/1602132955,highlight,2022-09-26,20:17,Mon,2022,03:33:05,3.55,10078,2838,(VOD REUPLOAD) CYNO PREPARATIONS
2042094783,https://www.twitch.tv/videos/2042094783,highlight,2024-01-24,10:35,Wed,2024,01:28:59,1.48,9839,6634,TRYING GRANBLUE FANTASY #ad
1762930614,https://www.twitch.tv/videos/1762930614,highlight,2023-03-12,09:18,Sun,2023,00:07:59,0.13,9195,69106,short clip for intro edit test (intro + 1-2 builds)
2557753118,https://www.twitch.tv/videos/2557753118,highlight,2025-09-04,06:41,Thu,2025,04:31:51,4.53,7485,1652,(VOD RE-UPLOAD) NOD-KRAI PREP -> CERYDRA DAY
1203665226,https://www.twitch.tv/videos/1203665226,highlight,2021-11-12,21:22,Fri,2021,02:59:22,2.99,6063,2028,Highlight: clearing abyss with no mouse
1046438665,https://www.twitch.tv/videos/1046438665,highlight,2021-06-05,06:46,Sat,2021,03:05:47,3.1,5857,1892,(VOD) [AR 57] XIAO ENTHUSIAST DESTROYS ALL CONTENT WITH 0 DEATHS
1103734917,https://www.twitch.tv/videos/1103734917,highlight,2021-07-31,10:58,Sat,2021,02:42:59,2.72,4694,1728,Highlight: [AR 58] BIG THINGS AS ALWAYS
1991801052,https://www.twitch.tv/videos/1991801052,highlight,2023-12-01,03:08,Fri,2023,00:06:10,0.1,3433,33402,testing!!!!!
